{"nodes":{"node:10":{"location":{"x":-400,"y":0}},"node:14":{"location":{"x":-600,"y":0}},"node:17":{"location":{"x":-400,"y":100}},"node:22":{"location":{"x":-600,"y":100}},"node:25":{"location":{"x":-600,"y":200}},"node:28":{"location":{"x":-400,"y":325}},"node:3":{"location":{"x":0,"y":0}},"node:32":{"location":{"x":-600,"y":325}},"node:4":{"location":{"x":-200,"y":0}}},"selection":["node:17"],"view":{"scroll":{"x":-743.411376953125,"y":104.218917846679688},"visible_rect":{"max":{"x":216.392425537109375,"y":432.8126220703125},"min":{"x":-495.60760498046875,"y":69.479278564453125}},"zoom":1.5}}